Data,Otwarcie,Najwyzszy,Najnizszy,Zamkniecie,Wolumen
2017-10-04,5983.31,6009.81,5976.12,5998.84,334213793
2017-10-05,6018.27,6059.21,6014.77,6057.14,323391379
2017-10-06,6037.44,6064.68,6037.02,6064.57,300425862
2017-10-09,6071.97,6078.81,6051.33,6058.53,257003448
2017-10-10,6078.27,6084.14,6036.72,6063.52,310241379
2017-10-11,6062.73,6082.25,6052.44,6081.25,315579310
2017-10-12,6072.21,6093.76,6063.47,6069.99,344908621
2017-10-13,6094.72,6100.06,6087.03,6092.45,302784483
2017-10-16,6108.66,6115.53,6095.63,6114.53,280944828
2017-10-17,6111.32,6122.82,6103.66,6122.61,284006897
2017-10-18,6128.91,6129.49,6106.85,6114.35,298970690
2017-10-19,6074.28,6092.87,6051.47,6092.62,314458621
2017-10-20,6114.46,6122.56,6102.16,6108.82,309450000
2017-10-23,6122.23,6122.23,6061.08,6067.83,311951724
2017-10-24,6078.02,6090.89,6057.69,6080.22,317696552
2017-10-25,6069.35,6087.58,6011.24,6055.04,377710345
2017-10-26,6056.05,6066.61,6035.95,6037.87,363484483
2017-10-27,6138.23,6223.52,6129.8,6213.47,414413793
2017-10-30,6209.8,6250.85,6202.53,6227.59,347179310
2017-10-31,6241.88,6258.42,6229.15,6248.56,352394828
2017-11-01,6274.26,6276.66,6224.58,6248.65,354631034
2017-11-02,6238.29,6243.74,6194.58,6236.39,390162069
2017-11-03,6266.19,6297.63,6237.65,6295.58,378450000
2017-11-06,6292.15,6318.58,6291.84,6313.61,373529310
2017-11-07,6314.69,6328.58,6299.53,6320.78,380218966
2017-11-08,6319.03,6346.98,6308.63,6345.81,363963793
2017-11-09,6295.29,6315.16,6248.29,6312.21,385375862
2017-11-10,6297.15,6313.18,6284.22,6309.07,340339655
2017-11-13,6286.02,6325.18,6285.97,6316.18,340308621
2017-11-14,6293.32,6300.47,6263.77,6293.64,342039655
2017-11-15,6261.27,6276.81,6227.99,6258.36,329079310
2017-11-16,6293.46,6352.47,6293.46,6339.14,345331034
2017-11-17,6343.64,6345.56,6308.48,6314.51,342774138
2017-11-20,6319.57,6324.59,6301.88,6308.61,310496552
2017-11-21,6336.91,6380.07,6336.26,6378.63,324750000
2017-11-22,6384.13,6391.16,6371.75,6386.12,273827586
2017-11-24,6393.33,6410.77,6389.4,6409.29,146296552
2017-11-27,6409.52,6420.21,6392.01,6405.97,305758621
2017-11-28,6419.48,6426.04,6385.32,6422.56,344898276
2017-11-29,6412.7,6412.7,6279.36,6311.38,422906897
2017-11-30,6337.34,6374.19,6321.43,6365.56,423893103
2017-12-01,6325.61,6365.3,6244.84,6337.87,395443103
2017-12-04,6380.68,6380.77,6256.82,6263.7,418374138
2017-12-05,6242.47,6337.06,6235.77,6265.11,359231034
2017-12-06,6243.73,6304.1,6234.22,6293.05,326181034
2017-12-07,6300.65,6333.29,6290.65,6316.28,333468966
2017-12-08,6364.6,6377.55,6335.23,6344.57,311386207
2017-12-11,6351.24,6394.43,6347.91,6393.89,313615517
2017-12-12,6389.47,6403.5,6371.69,6383.65,320958621
2017-12-13,6405.41,6416.83,6388.41,6394.67,330958621
2017-12-14,6407.25,6423.68,6386.25,6389.91,342275862
2017-12-15,6405.15,6470.92,6405.04,6466.32,605244828
2017-12-18,6504.89,6522.7,6495.18,6513.27,369717241
2017-12-19,6505.36,6510.87,6462.79,6480.67,357079310
2017-12-20,6504.55,6504.55,6447.93,6472.48,323198276
2017-12-21,6481.08,6501.52,6467.78,6472.69,313037931
2017-12-22,6462.55,6467.83,6449,6465.17,265387931
2017-12-26,6427.32,6438.24,6408,6433.16,224886207
2017-12-27,6437.06,6448.94,6425.92,6435.15,243024138
2017-12-28,6449.52,6452.07,6432.68,6441.42,226089655
2017-12-29,6439.91,6442.53,6396.42,6396.42,270987931
2018-01-02,6431.59,6513.02,6417.75,6511.34,330160345
2018-01-03,6520.03,6579.25,6519.26,6575.8,373582759
2018-01-04,6595.75,6603.17,6576.92,6584.58,361877586
2018-01-05,6613.13,6654.98,6605.03,6653.29,348431034
2018-01-08,6651.68,6680.32,6649.2,6676.63,353694828
2018-01-09,6692.88,6696.12,6658.27,6677.94,2457051724
2018-01-10,6640.67,6663.51,6619.35,6662.66,365989655
2018-01-11,6675.69,6708.49,6664.74,6708.49,346506897
2018-01-12,6699.32,6763.98,6695.52,6758.54,340724138
2018-01-16,6807.85,6835.79,6719.11,6737.14,409851724
2018-01-17,6767.85,6820.04,6738.45,6810.28,385874138
2018-01-18,6804.59,6826.79,6784.72,6811.38,349348276
2018-01-19,6829.04,6843.24,6801.59,6834.33,344356897
2018-01-22,6829.55,6906.28,6822.86,6906.28,363115517
2018-01-23,6928.27,6969.4,6926.37,6963.46,365489655
2018-01-24,6975.38,6992.91,6880.68,6919.35,392587931
2018-01-25,6965.01,6967.6,6894.84,6916.3,355422414
2018-01-26,6956.66,7022.97,6941.48,7022.97,355001724
2018-01-29,7000.68,7020.65,6974.7,6988.32,362651724
2018-01-30,6910.39,6958.79,6894.63,6930.73,373100000
2018-01-31,6972.81,6983.61,6915.48,6949.99,415093103
2018-02-01,6910.57,6970.77,6879.02,6901.5,395117241
2018-02-02,6866.38,6889.07,6756.54,6760.29,446167241
2018-02-05,6687.47,6807.97,6495.39,6495.92,535667241
2018-02-06,6378.6,6673.41,6370.48,6665.98,539832759
2018-02-07,6632.98,6716.25,6581.38,6582.02,408098276
2018-02-08,6595.81,6606.05,6304.18,6306.1,466844828
2018-02-09,6395.16,6453.43,6164.43,6412.68,544136207
2018-02-12,6477.04,6565.28,6424.3,6523.85,386279310
2018-02-13,6482.77,6567.62,6478.41,6553.86,313218966
2018-02-14,6523.25,6684.15,6520.39,6675.03,381286207
2018-02-15,6734.34,6795.92,6665.92,6794.92,363913793
2018-02-16,6778.28,6840.6,6758.51,6770.66,348246552
2018-02-20,6742.15,6838,6740.48,6779.7,329512069
2018-02-21,6808.6,6879.47,6759.22,6759.26,335518966
2018-02-22,6793.08,6826.01,6744.05,6761.85,329637931
2018-02-23,6816.43,6897.54,6789.02,6896.6,324044828
2018-02-26,6933.82,6989.36,6927.46,6989.1,321829310
2018-02-27,6984.84,7003.14,6900.35,6900.35,371698276
2018-02-28,6945.2,6964.16,6854.42,6854.42,409289655
2018-03-01,6862.94,6892.38,6687.43,6750.54,429144828
2018-03-02,6661.91,6820.37,6645.03,6811.04,394365517
2018-03-05,6777.63,6901.63,6753.83,6881.28,356267241
2018-03-06,6919.79,6937.03,6872.06,6913.02,364236207
2018-03-07,6855.57,6935.48,6850.91,6929.39,377970690
2018-03-08,6955.85,6971,6931.35,6966.43,391743103
2018-03-09,7014.84,7101.31,7007.3,7101.18,397056897
2018-03-12,7122.47,7156.25,7108.04,7131.12,395593103
2018-03-13,7172.25,7186.09,7025.82,7046.51,422212069
2018-03-14,7077.86,7084.07,7012.57,7040.98,362836207
2018-03-15,7050.66,7075.55,7010.01,7030.97,343374138
2018-03-16,7058.13,7061.67,7011.69,7019.95,525343103
2018-03-19,6945.97,6949.02,6806.16,6864.88,400763793
2018-03-20,6871.09,6902.23,6845.84,6885.92,339256897
2018-03-21,6863.29,6930.7,6828.88,6853.45,342825862
2018-03-22,6763.94,6809.94,6679.35,6682.26,404682759
2018-03-23,6683.19,6708.58,6507.84,6508.09,412139655
2018-03-26,6644.4,6760.66,6538.79,6753.83,401044828
2018-03-27,6791.39,6793.5,6479.56,6529.84,401032759
2018-03-28,6488.02,6559.88,6410.04,6460.81,434253448
2018-03-29,6493.51,6640.76,6435.68,6581.13,431810345
2018-04-02,6528.23,6560.96,6322.61,6390.84,412884483
2018-04-03,6448.05,6485.27,6343.9,6458.83,401467241
2018-04-04,6326.54,6578.56,6326.54,6560.06,388632759
2018-04-05,6619.22,6632.21,6550.28,6594.84,366320690
2018-04-06,6514.48,6587.36,6402.03,6433.21,405265517
2018-04-09,6488.48,6604.26,6466.04,6472.34,358775862
2018-04-10,6585.52,6639.97,6534.89,6615.87,385994828
2018-04-11,6578.84,6650.29,6574.88,6583.44,319331034
2018-04-12,6627.32,6682.69,6618.81,6656.26,348467241
2018-04-13,6696.02,6703.31,6598.34,6628.34,300627586
2018-04-16,6675.92,6699.76,6633.08,6675.18,309646552
2018-04-17,6738.65,6834.31,6729.79,6816.37,329867241
2018-04-18,6824.59,6856.96,6788.32,6833.21,326417241
2018-04-19,6793.07,6815.04,6749.07,6774.89,338612069
2018-04-20,6754.68,6757.68,6642.84,6667.75,331343103
2018-04-23,6699.16,6721.66,6613.56,6648.8,299546552
2018-04-24,6680.88,6688.89,6464.74,6509.05,370560345
2018-04-25,6514.32,6540.77,6426.57,6513.94,349429310
2018-04-26,6606.61,6673.65,6579.12,6649.65,366748276
2018-04-27,6748.59,6750.78,6619.26,6656.35,349574138
2018-04-30,6669.44,6712.5,6593.6,6605.57,342589655
2018-05-01,6592.93,6685.41,6578.25,6681.96,332605172
2018-05-02,6694.52,6715.97,6637.96,6644.48,369689655
2018-05-03,6608.7,6667.29,6539.86,6643.48,404437931
2018-05-04,6618.7,6783.36,6612.39,6769.12,348660345
2018-05-07,6803.45,6846.46,6796.06,6821.87,334479310
2018-05-08,6813.91,6830.87,6770.3,6815.48,354281034
2018-05-09,6830.55,6895.93,6807.4,6893.21,386462069
2018-05-10,6909.18,6966.93,6906.77,6963.55,385079310
2018-05-11,6948.88,6969.3,6923.61,6952.56,359143103
2018-05-14,6977.35,7008.26,6954.65,6964.37,357874138
2018-05-15,6909.32,6912.04,6852.73,6888.54,364489655
2018-05-16,6892.89,6944.54,6891.65,6929.97,359251724
2018-05-17,6905.75,6952.98,6869.39,6901.63,333051724
2018-05-18,6876.65,6897.91,6857.58,6866.25,339087931
2018-05-21,6920.32,6948.27,6876.36,6905.53,336051724
2018-05-22,6934.7,6947.43,6883.75,6893.62,329013793
2018-05-23,6847.27,6954.7,6846.94,6953.63,341456897
2018-05-24,6951.52,6963.68,6882.57,6949.7,343527586
2018-05-25,6951.47,6982.52,6941.85,6960.92,303044828
2018-05-29,6928.5,6964.66,6887.13,6926.54,359891379
2018-05-30,6955.59,6987.63,6938.02,6976.37,353353448
2018-05-31,6969.93,7016.42,6956,6967.73,433553448
2018-06-01,7010.08,7084.84,7008.02,7083.93,380793103
2018-06-04,7099.5,7146.77,7099.09,7143.57,369446552
2018-06-05,7162.41,7179.82,7137.13,7166.75,354936207
2018-06-06,7180.24,7212.45,7140.91,7210.08,377887931
2018-06-07,7212.43,7212.43,7115.86,7152.83,401427586
2018-06-08,7121.76,7161.92,7100.73,7152.62,334755172
2018-06-11,7149.65,7187.45,7146.09,7168.48,334989655
2018-06-12,7181.67,7214.49,7173.76,7209.18,345993103
2018-06-13,7219.57,7261.17,7193.02,7205.26,374615517
2018-06-14,7233.7,7291.31,7233.7,7279.59,377281034
2018-06-15,7245.16,7268.84,7220.97,7255.76,524791379
2018-06-18,7201.18,7256.43,7186.16,7251.41,361025862
2018-06-19,7158.8,7229.98,7138.02,7228.04,391206897
2018-06-20,7264.85,7309.99,7256.87,7280.71,397431034
2018-06-21,7304.06,7308.26,7203.93,7217.49,399289655
2018-06-22,7239.72,7239.75,7177.46,7197.51,677300000
2018-06-25,7131.05,7144.29,6976.97,7038.17,416394828
2018-06-26,7061.23,7108.45,7040.06,7068.2,354937931
2018-06-27,7096.61,7128.77,6968.3,6969.67,394212069
2018-06-28,6963.37,7055.25,6950.23,7031.6,378517241
2018-06-29,7071.49,7101.82,7031.4,7040.8,377932759
2018-07-02,6979.54,7099.27,6969.16,7097.82,304812069
2018-07-03,7121.72,7122.45,7009.51,7014.55,203329310
2018-07-05,7064,7105.54,7025.25,7101.05,300867241
2018-07-06,7114.18,7217,7106.1,7207.33,293893103
2018-07-09,7251.11,7277.44,7222.21,7276,316781034
2018-07-10,7287.06,7297.79,7257.48,7282.6,297450000
2018-07-11,7221.66,7271.12,7220.23,7243.98,303693103
2018-07-12,7276.38,7368.72,7274.16,7366.25,332087931
2018-07-13,7372.28,7387.74,7348.96,7375.82,295541379
2018-07-16,7381.03,7390.64,7346.34,7357.9,298308621
2018-07-17,7291.48,7418.43,7288.3,7403.89,300117241
2018-07-18,7407.25,7411.25,7368.36,7390.13,320287931
2018-07-19,7364.66,7388.99,7344.33,7352.36,319487931
2018-07-20,7379.13,7398.59,7343.37,7350.23,307974138
2018-07-23,7335.42,7376.82,7301.34,7371.78,285222414
2018-07-24,7455.51,7475.99,7375.74,7406.25,347387931
2018-07-25,7406.1,7511.39,7405.64,7508.59,327550000
2018-07-26,7404.56,7430.12,7385.72,7400.75,381563793
2018-07-27,7443.24,7443.24,7255.32,7296.78,375201724
2018-07-30,7292.72,7299.08,7158.78,7193.1,369553448
2018-07-31,7219.67,7272.96,7179.41,7231.98,378456897
2018-08-01,7269.2,7294.8,7234.65,7272.89,383370690
2018-08-02,7221.35,7380.56,7221.35,7372.15,358844828
2018-08-03,7389.36,7395.49,7356.34,7395.49,348051724
2018-08-06,7390.82,7439.55,7381.58,7439,385891379
2018-08-07,7459.32,7478.96,7443.88,7462.65,378894828
2018-08-08,7454.42,7486.22,7435.77,7469.55,359974138
2018-08-09,7467.51,7498.37,7458.57,7466.96,350508621
2018-08-10,7409.05,7436.69,7382.83,7408.3,361237931
2018-08-13,7420.18,7468.82,7398.53,7401.17,330041379
2018-08-14,7430.45,7455.42,7390,7447.17,330579310
2018-08-15,7385.67,7409.48,7308.52,7354.66,394303448
2018-08-16,7409.61,7422.83,7361.88,7374.3,341300000
2018-08-17,7352.63,7394.94,7312.65,7377.54,317784483
2018-08-20,7393.57,7395.75,7343.47,7371.42,292925862
2018-08-21,7393.47,7441.42,7388.38,7397.23,304591379
2018-08-22,7379.84,7434.48,7374.69,7424.6,286286207
2018-08-23,7420.31,7465.87,7405.4,7413.84,324118966
2018-08-24,7443.72,7489.54,7442.99,7485.4,325275862
2018-08-27,7527.37,7560.76,7512.02,7559.13,399850000
2018-08-28,7580.86,7588.72,7556.72,7570.25,338155172
2018-08-29,7585.13,7661.95,7583.52,7660.18,327068966
2018-08-30,7645.11,7691.1,7619.73,7642.67,347318966
2018-08-31,7634.43,7676.46,7628.54,7654.55,327570690
2018-09-04,7629.34,7643.45,7581.35,7622.32,384400000
2018-09-05,7600.95,7607.18,7498.38,7523.26,447720690
2018-09-06,7527.22,7532.3,7405.32,7453.17,408393103
2018-09-07,7402.19,7489.4,7400.99,7430.26,370065517
2018-09-10,7466.76,7473.75,7410.74,7447.68,351974138
2018-09-11,7415.09,7519.45,7401.72,7507.87,402862069
2018-09-12,7493.38,7501.24,7422.91,7488.06,403767241
2018-09-13,7535.23,7578.77,7531.66,7561.69,399779310
2018-09-14,7575.38,7581.3,7515.04,7545.5,350124138
2018-09-17,7522.59,7533.92,7427.79,7434.73,393817241
2018-09-18,7440.86,7531.2,7436.54,7494.4,399653448
2018-09-19,7498.24,7513.34,7441.56,7490.32,371850000
2018-09-20,7534.02,7582.43,7523.87,7569.04,394336207
2018-09-21,7587.39,7603.86,7522.12,7531.07,639106897
2018-09-24,7477.45,7554.95,7447.23,7548.75,416617241
2018-09-25,7552.02,7568.17,7525.19,7563.19,394506897
2018-09-26,7563.96,7637.62,7553.26,7563.09,394953448
2018-09-27,7600.34,7657.8,7596.96,7629.57,354098276
2018-09-28,7612.65,7649.3,7598.69,7627.65,400679310
2018-10-01,7673,7700.56,7627.47,7645.45,393660345
2018-10-02,7632.37,7685.36,7610.25,7628.28,412305172
2018-10-03,7663.09,7676.9,7625.6,7637.43,525401724
2018-10-04,7603.01,7608.24,7436.26,7490,564577586
2018-10-05,7482.04,7510.45,7327.44,7399.01,460844828
2018-10-08,7356.54,7415.54,7267.02,7352.82,386144828
2018-10-09,7352.44,7430.36,7339.86,7371.62,423972414
2018-10-10,7319.81,7329.24,7042.06,7044.5,530574138
2018-10-11,7013.48,7120.1,6892.9,6964.03,539532759
2018-10-12,7150.22,7179.04,7019.9,7157.21,456946552
2018-10-15,7129.31,7144.16,7047.47,7068.67,370491379
2018-10-16,7141.67,7291.26,7133.29,7276.43,452293103
2018-10-17,7310,7311.85,7205.76,7278.63,407710345
2018-10-18,7250.93,7251.54,7081.89,7116.09,438956897
2018-10-19,7169.45,7227.96,7080.73,7107.23,436589655
2018-10-22,7146.03,7193.72,7088.9,7141.21,393517241
2018-10-23,7002.69,7149.13,6933.56,7118.67,471693103
2018-10-24,7101.85,7117.34,6777.47,6789.15,505267241
2018-10-25,6891.27,7063.93,6866.75,7016.39,472725862
2018-10-26,6804.69,6976.94,6743.77,6852.4,511168966
2018-10-29,6954.69,6973.19,6574.75,6713.9,463715517
2018-10-30,6673.84,6816.27,6652.53,6810.12,462294828
2018-10-31,6933.11,7030.51,6924.09,6967.1,499953448
2018-11-01,6980.79,7071.84,6932.21,7069.17,467048276
2018-11-02,7042.3,7085.27,6909.07,6965.29,498260345
2018-11-05,6946.15,6952.93,6859.8,6937.09,373529310
2018-11-06,6939.13,7024.78,6928,6988.85,394082759
2018-11-07,7068.5,7205.97,7057.71,7203.13,461643103
2018-11-08,7176.19,7192.32,7125.14,7158.59,424556897
2018-11-09,7095.45,7104.39,6982.89,7039.15,416981034
2018-11-12,6990.37,6998.8,6819.38,6829.1,394667241
2018-11-13,6858.59,6951.44,6811.68,6830.91,404127586
2018-11-14,6896.2,6916.1,6736.18,6769.87,437968966
2018-11-15,6750.63,6908.82,6702.42,6890.45,432537931
2018-11-16,6823.03,6898.13,6797.43,6867.02,420389655
2018-11-19,6832.25,6841.45,6623.37,6642.92,405865517
2018-11-20,6475.68,6614.01,6442.36,6526.96,459474138
2018-11-21,6608.12,6639.37,6566.31,6575.66,320353448
2018-11-23,6525.02,6591.56,6524.55,6527.35,165336207
2018-11-26,6616.79,6679.91,6590.89,6678.34,346755172
2018-11-27,6639.39,6715.41,6609.08,6701.04,356441379
2018-11-28,6759.05,6913.33,6713.42,6913.33,412113793
2018-11-29,6890.84,6938,6839.88,6892.4,341975862
2018-11-30,6902.24,6951.13,6872.29,6949.01,438417241
2018-12-03,7106.84,7107,7013.2,7062.13,451900000
2018-12-04,7026.81,7045.68,6785.85,6795.21,452725862
2018-12-06,6652.13,6840.5,6630.82,6838.85,488598276
2018-12-07,6806.63,6849.38,6594.54,6613.28,426751724
2018-12-10,6603.36,6710.4,6534.33,6682.74,408200000
2018-12-11,6782.41,6788.47,6650.83,6704.24,387251724
2018-12-12,6800.55,6867.66,6761.78,6763.96,415913793
2018-12-13,6805.7,6833.79,6724.04,6767.97,369572414
2018-12-14,6679.91,6710.41,6585.31,6594.96,379398276
2018-12-17,6571,6621.63,6399.55,6448.39,459524138
2018-12-18,6503.12,6551.04,6434.6,6491.52,445758621
2018-12-19,6480.31,6575.39,6284.72,6342.97,499991379
2018-12-20,6312.72,6380.97,6161.86,6243.2,561739655
2018-12-21,6293.06,6308.31,6013.98,6046.56,781744828
2018-12-24,5994.08,6075.17,5895.12,5899.35,284012069
2018-12-26,5969.07,6263.82,5921.86,6262.77,441024138
2018-12-27,6168.6,6291.99,6043.45,6288.3,416529310
2018-12-28,6326.62,6388.36,6233.69,6285.27,379153448
2018-12-31,6354.84,6365.39,6273.93,6329.96,361820690
2019-01-02,6198.68,6394.73,6198.68,6360.87,389965517
2019-01-03,6274.76,6292.68,6139.4,6147.13,449532759
2019-01-04,6250.06,6445.2,6234.59,6422.67,444750000
2019-01-07,6434.55,6521.45,6412.98,6488.25,432336207
2019-01-08,6555.91,6574.73,6457,6551.85,410050000
2019-01-09,6576.54,6631.06,6549.44,6600.69,417687931
2019-01-10,6551.05,6625.11,6517.54,6620.94,375703448
2019-01-11,6579.89,6604.56,6562.04,6601.4,356293103
2019-01-14,6536.37,6566.87,6512.64,6541.04,334863793
2019-01-15,6571.15,6674.54,6567.32,6669.64,351394828
2019-01-16,6677.38,6720.41,6665.05,6668.56,370617241
2019-01-17,6646.19,6747.29,6637.1,6718.45,367041379
2019-01-18,6771.52,6816.23,6727.94,6784.61,422627586
2019-01-22,6736.65,6738.57,6603.56,6646.81,410508621
2019-01-23,6689.08,6712.86,6584.5,6658.76,392141379
2019-01-24,6680.34,6710.73,6656.52,6702.55,413843103
2019-01-25,6755.67,6800.97,6733.32,6787.37,420834483
2019-01-28,6691.84,6697.53,6644.31,6697.09,419910345
2019-01-29,6695.71,6701.47,6613.42,6632.79,360291379
2019-01-30,6708.56,6826.92,6688.33,6807.91,438629310
2019-01-31,6840.93,6936.34,6837.91,6906.84,503225862
2019-02-01,6872.73,6921.95,6857.31,6875.52,410936207
2019-02-04,6876.56,6960.97,6872.61,6959.96,361977586
2019-02-05,6969.37,7029.77,6967.94,7023.52,390606897
2019-02-06,7023.89,7034.94,6969.83,6997.62,373643103
2019-02-07,6934.33,6954.77,6854.35,6904.98,395703448
2019-02-08,6843.33,6914.56,6836.7,6913.13,359700000
2019-02-11,6941.26,6958.33,6893.8,6909.19,327206897
2019-02-12,6960.56,7021.76,6948.33,7014.67,366263793
2019-02-13,7038.32,7062.58,7009.73,7015.88,361000000
2019-02-14,6986.51,7047.88,6969.69,7022.42,362650000
2019-02-15,7066.38,7073.99,7022.3,7055.18,389267241
2019-02-19,7033.38,7089.1,7032.78,7066.61,365653448
2019-02-20,7070.23,7096.15,7027.37,7062.34,376165517
2019-02-21,7047.08,7063.07,7001.8,7035.16,365358621
2019-02-22,7055.2,7094.29,7050.01,7090.63,416841379
2019-02-25,7144.34,7161.73,7111.78,7115.43,407437931
2019-02-26,7098.97,7144.65,7087.15,7123.22,389260345
2019-02-27,7095.75,7125.78,7045.41,7117,417820690
2019-02-28,7092.39,7125.7,7083.64,7097.53,456393103
2019-03-01,7152.08,7159.96,7101.07,7151.57,424687931
2019-03-04,7193.88,7205.95,7073.41,7150.83,443032759
2019-03-05,7156.66,7178.31,7120.7,7156.79,369415517
2019-03-06,7156.25,7162.24,7104.55,7112.47,386691379
2019-03-07,7089.63,7097.91,7001.81,7026.88,420834483
2019-03-08,6940.9,7018.92,6940.72,7015.69,387143103
2019-03-11,7050.05,7166.93,7049.56,7164.02,382232759
2019-03-12,7176.23,7219.41,7166.95,7201.28,372655172
2019-03-13,7231.06,7292.86,7229.88,7256.98,407991379
2019-03-14,7257.31,7267.94,7240.96,7243.01,375260345
2019-03-15,7274.14,7331.3,7265.64,7306.99,594343103
2019-03-18,7311.63,7348.69,7293.85,7326.28,392153448
2019-03-19,7357.58,7390.29,7321.93,7349.28,419510345
2019-03-20,7348.99,7422.75,7318.42,7380.75,418000000
2019-03-21,7356.94,7505.41,7356.94,7493.27,428203448
2019-03-22,7458.44,7482.36,7323.52,7326.06,429436207
2019-03-25,7299.93,7342.51,7265.28,7316.96,367281034
2019-03-26,7378.23,7417.26,7314.38,7351.15,356706897
2019-03-27,7364.47,7376.99,7252.06,7308.19,383043103
2019-03-28,7325.06,7346.04,7277.7,7320.47,327941379
2019-03-29,7377.77,7381.69,7333.17,7378.77,385081034
2019-04-01,7450.81,7481.84,7422.44,7478.42,378974138
2019-04-02,7473.51,7507.06,7461.51,7499.64,363810345
2019-04-03,7538.17,7589.69,7520.4,7544.97,428829310
2019-04-04,7542.16,7571.13,7496.3,7540.57,361068966
2019-04-05,7564.27,7581.9,7554.91,7578.84,370470690
2019-04-08,7565.06,7602.08,7536.42,7599.74,356756897
2019-04-09,7571.88,7596.75,7555.63,7568.49,356477586
2019-04-10,7581.39,7613.41,7573.28,7611.49,344531034
2019-04-11,7621.4,7621.4,7580.71,7594.89,337386207
2019-04-12,7624.15,7630.52,7596.57,7628.15,337118966
2019-04-15,7630.61,7636.81,7578.54,7629.12,313262069
2019-04-16,7651.18,7670.4,7631.64,7654.73,361263793
2019-04-17,7705.32,7715.07,7659.86,7680.72,394946552
2019-04-18,7688.93,7694.18,7647.4,7689.72,360234483
2019-04-22,7658.37,7715.33,7653.89,7713.5,306217241
2019-04-23,7724.17,7819.34,7719.09,7810.71,357770690
2019-04-24,7813.02,7827.05,7783.59,7784.41,348705172
2019-04-25,7850.71,7851.98,7778.23,7816.92,355736207
2019-04-26,7791.15,7826.89,7742.6,7826.68,339874138
2019-04-29,7825.64,7851.85,7812.97,7839.04,303639655
2019-04-30,7769.3,7792.32,7726.07,7781.46,364787931
2019-05-01,7828.14,7851.04,7749.74,7751.85,387486207
2019-05-02,7751.64,7791.51,7672.54,7724.06,372172414
2019-05-03,7784.29,7847.52,7772.45,7845.73,352765517
2019-05-06,7662.93,7804.55,7662.93,7794.09,338986207
2019-05-07,7713.49,7743.06,7572.61,7640.15,409079310
2019-05-08,7623.32,7678.82,7593.75,7617.55,375017241
2019-05-09,7525.81,7605.04,7472.71,7582.75,434615517
2019-05-10,7556.04,7623.01,7426.75,7586.53,411675862
2019-05-13,7385.55,7433.92,7303.65,7324.13,427389655
2019-05-14,7366.64,7449.02,7337.94,7401.88,359456897
2019-05-15,7354.82,7524.22,7353.9,7503.25,345091379
2019-05-16,7509.91,7627.03,7502.76,7580.14,372951724
2019-05-17,7513.15,7605.67,7496.92,7503.68,367951724
2019-05-20,7391.727,7424.586,7351.922,7376.703,365932759
2019-05-21,7442.31,7472.71,7417.07,7451.02,343656897
2019-05-22,7413.84,7458.11,7410.72,7420.66,324453448
2019-05-23,7331.68,7337.47,7261.46,7307.93,386796552
2019-05-24,7353.97,7371.3,7294.1,7300.96,290158621
2019-05-28,7321.27,7362.29,7274.7,7278.38,405632759
2019-05-29,7222.55,7254.2,7176.67,7216.86,392894828
2019-05-30,7234.83,7262.77,7204.42,7245.4,322758621
2019-05-31,7148.71,7183.23,7125.97,7127.96,385679310
2019-06-03,7110.34,7126.43,6936.68,6978.02,444296552
2019-06-04,7056.18,7169.79,7023.09,7166.75,408474138
2019-06-05,7230.81,7235.23,7146.43,7220.9,364753448
2019-06-06,7229.86,7293.22,7201.59,7275.93,357058621
2019-06-07,7315.33,7445.99,7309.01,7417.29,356210345
2019-06-10,7472.59,7573,7468.16,7501.93,351615517
2019-06-11,7584.75,7595.57,7489.99,7513.85,364600000
2019-06-12,7493.55,7507.52,7459.2,7472.29,336687931
2019-06-13,7500.85,7530.91,7487.09,7510.68,317056897
2019-06-14,7476.47,7500.74,7454.87,7479.11,311093103
2019-06-17,7500.28,7546.99,7492.17,7526.52,333670690
2019-06-18,7606.61,7689.08,7595.59,7635.4,387055172
2019-06-19,7652.52,7681.56,7606.29,7667.74,347255172
2019-06-20,7770.17,7770.61,7681.43,7738.06,354056897
2019-06-21,7719.43,7772.53,7708.25,7728.78,499024138
2019-06-24,7737,7746.68,7720.78,7723.02,356960345
2019-06-25,7720.91,7723.04,7584.16,7591.54,366777586
2019-06-26,7642.92,7688.64,7616.91,7627.05,362887931
2019-06-27,7656.68,7672.98,7636.72,7657.05,348813793
2019-06-28,7674.52,7682.262,7639.445,7671.075,703274138
2019-07-01,7816.56,7820.81,7735.67,7768.14,380844828
2019-07-02,7763.03,7800.47,7746.01,7799.82,335572414
2019-07-03,7819.06,7857.69,7811.29,7857.69,266929310
2019-07-05,7806.07,7854.71,7774.59,7841.3,260329310
2019-07-08,7790.46,7792.2,7756.11,7785.79,278475862
2019-07-09,7748.29,7833.93,7748.23,7826.86,321856897
2019-07-10,7869.73,7923.93,7858.68,7903.4,355260345
2019-07-11,7918.65,7934.6,7873.16,7896.78,339132759
2019-07-12,7908.58,7944.07,7900.39,7943.24,314632759
2019-07-15,7961.07,7969.79,7940.45,7966.93,307582759
2019-07-16,7958.44,7965.76,7904.95,7927.08,333441379
2019-07-17,7927.91,7941.1,7887.98,7888.76,318441379
2019-07-18,7850.12,7912.33,7827.49,7904.13,347639655
2019-07-19,7944.86,7950.23,7832.4,7834.9,323918966
2019-07-22,7862.38,7918.47,7862.27,7905.12,318236207
2019-07-23,7946.05,7955.09,7895.05,7954.56,315900000
2019-07-24,7928.78,8010.83,7926.98,8010.61,335784483
2019-07-25,7979.14,7983.96,7921.22,7929.87,348815517
2019-07-26,7992.13,8027.18,7986.72,8016.95,336956897
2019-07-29,8010.05,8010.05,7939.98,7989.08,323237931
2019-07-30,7927.56,7983.11,7923.45,7952.47,324879310
2019-07-31,7972.76,7979.2,7774.93,7848.78,459837931
2019-08-01,7866.6,8000.94,7769.02,7801.15,481491379
2019-08-02,7740.91,7755.09,7645.18,7692.8,388370690
2019-08-05,7510.02,7528.9,7356.27,7415.69,454610345
2019-08-06,7492.02,7541.74,7432.31,7521.32,379587931
2019-08-07,7436.15,7569.9,7386.39,7551.9,422970690
2019-08-08,7608.03,7726.46,7576.82,7724.83,416494828
2019-08-09,7684.56,7709.5,7591.14,7646.27,381781034
2019-08-12,7596.06,7623.39,7528.97,7561.68,354544828
2019-08-13,7561.68,7778.34,7553.33,7728.15,404651724
2019-08-14,7594.65,7621.7,7480.58,7490.13,434977586
2019-08-15,7503.15,7523.5,7429.36,7484.89,376308621
2019-08-16,7548.9,7622.73,7548.9,7604.11,343987931
2019-08-19,7715.41,7740.74,7688.09,7719.32,333617241
2019-08-20,7708.31,7731.31,7664.21,7664.47,301306897
2019-08-21,7731.75,7754.66,7706.57,7733.22,295925862
2019-08-22,7750.98,7764.79,7649.28,7707.43,306487931
2019-08-23,7658.48,7722.43,7442.93,7465,380529310
2019-08-26,7540.69,7577.77,7506.18,7575.02,291182759
2019-08-27,7630.46,7640.68,7531.97,7566.03,329746552
2019-08-28,7536.7,7598.15,7500.22,7587.9,285677586
2019-08-29,7678.69,7723.94,7654.31,7702.31,293248276
2019-08-30,7743.23,7747.07,7642.9,7691,287213793
2019-09-03,7634.03,7670.18,7584.82,7609.51,333829310
2019-09-04,7683.78,7724.91,7663.64,7719.25,326086207
2019-09-05,7803.45,7879.97,7803.45,7862.54,361431034
2019-09-06,7868.88,7874.99,7835.89,7852.54,323513793
2019-09-09,7876.4,7877.41,7795.86,7832.4,374524138
2019-09-10,7793.27,7817.58,7743.61,7814.74,407389655
2019-09-11,7820.71,7888.34,7812.07,7887.58,398351724
2019-09-12,7931.97,7975.33,7907.33,7917.34,372286207
2019-09-13,7903.73,7923.41,7879.59,7892.96,340822414
2019-09-16,7833.73,7868.73,7831.76,7852.41,322279310
2019-09-17,7849.88,7891.21,7840.99,7888.79,319024138
2019-09-18,7877.58,7891.17,7791.58,7888.56,350841379
2019-09-19,7904.4,7950.21,7888.31,7901.79,309086207
2019-09-20,7901.46,7920.53,7794.27,7823.55,579203448
2019-09-23,7815.23,7842.98,7790.29,7818.61,306924138
2019-09-24,7855.97,7873.25,7684.8,7710.04,397000000
2019-09-25,7706.5,7822.43,7647.63,7803.54,347460345
2019-09-26,7794.28,7798.12,7718.69,7771.99,316000000
2019-09-27,7786.03,7790.81,7626.82,7681.58,351331034
2019-09-30,7705.969,7761.84,7693.492,7749.449,311348276
2019-10-01,7782.82,7821.73,7675.42,7684.14,386836207
2019-10-02,7627.59,7631.34,7513.69,7550.79,430200000
2019-10-03,7557.19,7640.43,7463.57,7638.4,369222414
2019-10-04,7677.32,7759.36,7670.91,7754.1,299463793
2019-10-07,7725.68,7784.79,7712.68,7725.13,299905172
2019-10-08,7671.38,7707.18,7603.76,7604.27,333375862
2019-10-09,7678.66,7717.94,7655.48,7690.53,267913793
2019-10-10,7688.42,7772.68,7682.61,7740.36,306679310
2019-10-11,7835.93,7904.05,7831.11,7843.88,375186207
2019-10-14,7834.75,7865.67,7827.16,7842.33,244781034
2019-10-15,7867.97,7960.14,7863.65,7942.85,316663793
2019-10-16,7911.99,7941.77,7898.32,7920.21,325296552
2019-10-17,7976.65,7981.14,7914.94,7942.14,320960345
2019-10-18,7938.3,7946.81,7829.75,7868.49,347056897
2019-10-21,7911.58,7941.48,7887.74,7940.33,302217241
2019-10-22,7968.25,7977.01,7871.98,7874.62,318482759
2019-10-23,7858.48,7890.21,7845.09,7889.47,311212069
2019-10-24,7956.23,7969.66,7912.72,7966.72,324567241
2019-10-25,7926.6,8033.29,7926.6,8029.22,326679310
2019-10-28,8071.4,8119.73,8070.9,8110.67,337289655
2019-10-29,8101.55,8108.61,8045.65,8047.51,316298276
2019-10-30,8056.9,8096.32,8017.92,8083.11,332486207
2019-10-31,8100.617,8110.438,8041.656,8083.833,389356897
2019-11-01,8121.95,8161.98,8111.73,8161.17,354708621
2019-11-04,8218.93,8228.32,8197.32,8210.66,370674138
2019-11-05,8225.35,8229.09,8191.05,8210.18,399432759
2019-11-06,8204.34,8204.34,8157.36,8196.03,402181034
2019-11-07,8237.68,8271.82,8198.91,8219.65,412750000
2019-11-08,8208.37,8256.29,8186.31,8255.89,340377586
2019-11-11,8212.38,8245.89,8202.36,8241.91,295770690
2019-11-12,8249.62,8293.18,8238.33,8263.79,342727586
2019-11-13,8235.68,8274.61,8233.38,8259.81,374710345
2019-11-14,8238.85,8264.94,8212.59,8257.83,363198276
2019-11-15,8303.84,8315.9,8284.21,8315.52,377277586
2019-11-18,8303.22,8340.41,8274.68,8328.48,352972414
2019-11-19,8357.43,8357.8,8308.28,8338.74,357758621
2019-11-20,8315.55,8339.27,8226.25,8283.75,447591379
2019-11-21,8273.95,8282.33,8242.22,8265.62,354522414
2019-11-22,8287.25,8292.11,8229.49,8272.05,323636207
2019-11-25,8309.55,8372.82,8309.55,8371.93,388977586
2019-11-26,8374.26,8398.04,8364.12,8385.75,419753448
2019-11-27,8407.23,8445.61,8399.63,8444.71,300789655
2019-11-29,8422.02,8435.961,8402.133,8403.685,189498276
2019-12-02,8409.87,8409.87,8274.61,8309.26,383782759
2019-12-03,8201.63,8258.41,8167.36,8254.74,398034483
2019-12-04,8291.86,8316.46,8285.88,8296.53,370806897
2019-12-05,8321.19,8321.19,8272.83,8308.4,366100000
2019-12-06,8370.23,8405.85,8365.25,8397.37,354056897
2019-12-09,8388.75,8425.77,8359.87,8362.74,360089655
2019-12-10,8364.55,8392.89,8339.37,8354.29,354032759
2019-12-11,8371.65,8408.08,8361.37,8402.61,334112069
2019-12-12,8391.91,8493.11,8380.09,8466.9,411770690
2019-12-13,8461.42,8517.52,8441.89,8487.71,377020690
2019-12-16,8544.27,8584.78,8542.42,8570.33,404532759
2019-12-17,8586.34,8592.45,8564.15,8575.7,409331034
2019-12-18,8587.2,8608.1,8578.56,8580.62,470322414
2019-12-19,8592.68,8642.74,8592.68,8641.29,416543103
2019-12-20,8666.57,8687.66,8656.48,8678.49,659562069
2019-12-23,8703.06,8710.9,8690.15,8696.01,349215517
2019-12-24,8705.31,8708.23,8684.12,8699.51,174917241
2019-12-26,8717.95,8778.34,8716.03,8778.31,281882759
2019-12-27,8805.86,8811.1,8749.86,8770.98,315896552
2019-12-30,8766.4,8768.3,8671.93,8709.73,352141379
2019-12-31,8681.336,8735.434,8674.383,8733.073,376344828
2020-01-02,8802.22,8873.63,8786.9,8872.22,491098276
2020-01-03,8755.17,8843.65,8755.17,8793.9,442655172
2020-01-06,8713.89,8849.98,8713.89,8848.52,480710345
2020-01-07,8857.14,8872.47,8821.68,8846.45,405663793
2020-01-08,8845.45,8953.55,8834.94,8912.37,424843103
2020-01-09,8990.04,9004.56,8938.53,8989.63,437017241
2020-01-10,9021.88,9024.87,8951.83,8966.64,410170690
2020-01-13,9007.94,9071.53,8991.36,9070.65,436253448
2020-01-14,9068.02,9080.16,9020.92,9033.42,438305172
2020-01-15,9039.31,9078.87,9008.95,9035.67,419939655
2020-01-16,9088.09,9126.07,9066.31,9125,396793103
2020-01-17,9159.48,9176.47,9118.98,9173.73,434943103
2020-01-21,9145.64,9187.42,9141.79,9166.63,462851724
2020-01-22,9212.352,9242.48,9179.266,9188.575,422308621
2020-01-23,9186.137,9221.125,9145.234,9216.984,424146552
2020-01-24,9266.35,9272.38,9101.44,9141.47,450294828
2020-01-27,8913.16,9001.44,8910.97,8952.18,445401724
2020-01-28,9013.23,9111.32,8994.29,9090.93,372039655
2020-01-29,9141.52,9153.078,9067.289,9101.613,383358621
2020-01-30,9038.922,9140.695,9019.719,9136.087,402327586
2020-01-31,9169.91,9170.215,8961.59,8991.512,463075862
2020-02-03,9033.52,9148.5,9031.07,9126.23,417329310
2020-02-04,9256.938,9352.965,9224.859,9334.056,421624138
2020-02-05,9441.344,9442.754,9311.883,9367.481,424563793
2020-02-06,9395.688,9448.723,9357.863,9445.916,390913793
2020-02-07,9397.77,9453.24,9376.91,9401.1,385977586
2020-02-10,9373.2,9517.74,9373.2,9516.84,375743103
2020-02-11,9567.82,9600.05,9493.63,9517.86,417874138
2020-02-12,9569.824,9615.906,9552.031,9613.201,406034483
2020-02-13,9540.67,9636.41,9532.74,9595.7,386081034
2020-02-14,9613.883,9634.75,9583.082,9623.58,383144828
2020-02-18,9567.28,9647.72,9567.28,9629.8,391975862
2020-02-19,9683.938,9736.574,9676.07,9718.727,424574138
2020-02-20,9696.66,9714.23,9513.23,9627.83,471656897
2020-02-21,9582.543,9594,9406.379,9446.688,472932759
2020-02-24,9055.3,9194.91,9028.88,9079.63,547758621
2020-02-25,9167.328,9183.781,8807.105,8834.865,617827586
2020-02-26,8883.012,9032.875,8813.926,8873.757,615143103
2020-02-27,8632.543,8786.684,8430.535,8436.666,778736207
2020-02-28,8133.848,8490.468,8133.848,8461.835,913994828
2020-03-02,8569.906,8879.391,8446.496,8877.978,729786207
2020-03-03,8892.679,9000.457,8516.584,8594.491,747706897
2020-03-04,8745.637,8952.109,8669.762,8949.28,621184483
2020-03-05,8713.191,8864.191,8613.906,8671.658,646222414
2020-03-06,8395.948,8571.881,8319.904,8530.337,737905172
2020-03-09,7912.145,8241.77,7912.145,7948.027,781094828
2020-03-10,8213.965,8376.438,7942.133,8372.266,764125862
2020-03-11,8166.266,8224.73,7900.988,8006.119,736877586
2020-03-12,7452.758,7808.313,7255.613,7263.653,873539655
2020-03-13,7683.043,7998.509,7301.876,7995.263,807912069
2020-03-16,7502.262,7563.445,6993.605,7020.377,792131034
2020-03-17,7198.527,7550.133,6959.152,7473.95,844827586
2020-03-18,7023.863,7336.879,6837.531,7175.176,843244828
2020-03-19,7190.207,7514.137,7037.473,7288.523,821063793
2020-03-20,7391.215,7487.833,6969.766,6994.291,903437931
2020-03-23,6952.715,7145.289,6771.914,7006.917,746656897
2020-03-24,7348.996,7555.91,7304.391,7553.825,761617241
2020-03-25,7543.961,7777.613,7390.414,7469.615,804558621
2020-03-26,7549.836,7913.109,7549.836,7897.128,689629310
2020-03-27,7657.441,7817.742,7580.219,7588.373,685691379
2020-03-30,7678.832,7902.086,7651.43,7889.006,663258621
2020-03-31,7855.738,8011.598,7765.453,7813.499,699948276
2020-04-01,7582.781,7701.676,7423.969,7486.287,635432759
2020-04-02,7445.88,7641.865,7432.278,7635.658,622101724
2020-04-03,7631.57,7673.488,7439.781,7528.114,565362069
2020-04-06,7819.059,8110.66,7763.09,8081.663,663637931
2020-04-07,8287.477,8305.59,8043.074,8049.307,701622414
2020-04-08,8134.297,8254.414,8058.406,8229.542,598401724
2020-04-09,8284.313,8334.231,8167.933,8238.529,710977586
2020-04-13,8209.684,8338.152,8158.582,8332.738,542562069
2020-04-14,8489.266,8708.547,8470.742,8692.155,643589655
2020-04-15,8548.473,8666.242,8500.559,8591.958,574784483
2020-04-16,8689.091,8793.351,8605.507,8757.832,688943103
2020-04-17,8876.662,8879.24,8704.383,8832.414,747417241
2020-04-20,8742.539,8855.18,8725.324,8726.513,654646552
2020-04-21,8639.742,8663.094,8359.84,8403.003,647636207
2020-04-22,8575.574,8708.477,8550.613,8664.635,521562069
2020-04-23,8693.731,8796.486,8624.634,8641.497,643917241
2020-04-24,8666.571,8791.355,8599.989,8786.604,633305172
2020-04-27,8865.578,8887.625,8803.887,8837.657,634217241
2020-04-28,8913.277,8918.375,8668.672,8677.6,639231034
2020-04-29,8871.039,9025.824,8831.996,8982.762,754920690
2020-04-30,9005.236,9023.032,8920.423,9000.509,744203448
2020-05-01,8791.876,8887.58,8688.576,8718.18,641813793
2020-05-04,8683.941,8840.328,8665.402,8834.111,590025862
2020-05-05,8922.391,9031,8900.574,8930.618,674717241
2020-05-06,8997.023,9065.578,8950.895,8984.858,624143103
2020-05-07,9104.667,9136.183,9045.229,9101.876,648632759
2020-05-08,9165.7,9224.49,9126.967,9220.354,651265517
2020-05-11,9155.211,9346.27,9155.211,9298.923,672187931
2020-05-12,9326.063,9354.445,9109.09,9112.447,743977586
2020-05-13,9123.688,9209.488,8890.156,9000.077,731743103
2020-05-14,8946.447,9097.754,8860.772,9094.426,680186207
2020-05-15,8976.285,9157.465,8958.078,9152.639,817358234
2020-05-18,9281.355,9367.543,9248.785,9331.926,760933644
2020-05-19,9326.285,9422.898,9296.246,9298.545,709151025
2020-05-20,9415.254,9498.277,9412.836,9485.02,707132889
2020-05-21,9487.633,9515.054,9361.83,9377.992,649637852
2020-05-22,9363.676,9421.934,9325.071,9413.988,527978777
2020-05-26,9570.527,9570.527,9379.898,9389.977,746455959
2020-05-27,9366.629,9445.059,9182.445,9442.046,848159329
2020-05-28,9404.828,9568.891,9391.844,9416.713,685691210
2020-05-29,9440.637,9573.555,9379.93,9555.524,919352524
2020-06-01,9526.43,9609.379,9515.344,9598.888,542813516
2020-06-02,9603.184,9660.082,9511.883,9657.307,619337760
2020-06-03,9689.723,9729.688,9648.934,9704.688,674568494
2020-06-04,9672.172,9741.973,9577.707,9629.664,735001112
2020-06-05,9673.094,9846.629,9659.45,9824.391,829499554
2020-06-08,9805.688,9904.516,9753.875,9901.521,646993069
2020-06-09,9861.184,10006.902,9859,9967.174,634383930
2020-06-10,10037.98,10155.2,10022.44,10094.26,716972782
2020-06-11,9907.563,9978.195,9586.25,9588.479,877844776
2020-06-12,9785.582,9849.007,9499.095,9663.774,764318917
2020-06-15,9517.141,9809.41,9489.582,9776.891,664593691
2020-06-16,9983.648,10010.891,9801.449,9949.366,670730714
2020-06-17,9998.859,10058.65,9952.504,9982.479,551189923
2020-06-18,9972.352,10018.563,9942.106,10012.05,548918628
2020-06-19,10104.63,10121.669,9937.814,10008.64,1044615131
2020-06-22,10009.004,10134.637,9989.488,10130.33,567900066
2020-06-23,10192.422,10306.898,10172.066,10209.82,625462938
2020-06-24,10183.77,10232.43,9943.246,10002.7,721036282
2020-06-25,10003.499,10110.291,9901.214,10101.83,616018545
2020-06-26,10087.08,10093.979,9837.741,9849.356,1041152637
2020-06-29,9850.547,9965.082,9742.895,9961.163,600407210
2020-06-30,9970.207,10185.355,9956.832,10156.85,674371333
2020-07-01,10160.41,10321.77,10142.75,10279.25,609152292
2020-07-02,10386.379,10432.547,10328.777,10341.89,535942368
2020-07-06,10487.695,10625.094,10485.816,10604.06,565309349
2020-07-07,10595.95,10704.93,10516.63,10524.01,530016542
2020-07-08,10594.41,10669.13,10528.82,10666.7,525667217
2020-07-09,10745.87,10785.96,10574.97,10754.59,642230977
2020-07-10,10751.77,10842.78,10639.48,10836.33,583767471
2020-07-13,10951.54,11069.26,10574.55,10602.21,720555632
2020-07-14,10502.85,10701.88,10370.79,10689.52,659413534
2020-07-15,10752.11,10780.41,10570.96,10701.68,622997165
2020-07-16,10589.86,10658.89,10495.09,10626.46,506178628
2020-07-17,10651.59,10680.7,10558.78,10645.22,496638009
2020-07-20,10672.96,10971.52,10621.9,10952.08,501101885
2020-07-21,11015.54,11017.43,10800.87,10833.07,555484512
2020-07-22,10850.92,10910.24,10776.24,10870.75,606201172
2020-07-23,10853.16,10885.38,10531.21,10580.59,770152893
2020-07-24,10389.53,10543.42,10313.94,10483.13,887277025
2020-07-27,10547.11,10689.55,10527.64,10674.38,654022928
2020-07-28,10644.34,10662.19,10527.43,10532.5,580154228
2020-07-29,10602.4,10694.88,10587.2,10662.98,627210896
2020-07-30,10578.63,10737.03,10531.79,10715.51,648318504
2020-07-31,10886.36,10908.34,10707.39,10905.88,787828891
2020-08-03,11018.02,11085.5,10997.68,11055.08,633606134
2020-08-04,11048.5,11097.86,11002.55,11096.54,667769148
2020-08-05,11107.24,11141.69,11077.7,11125.44,529986837
2020-08-06,11116.49,11282.24,11090.5,11267.08,603177522
2020-08-07,11235.24,11276.3,11044.6,11139.39,625109395
2020-08-10,11153.51,11159.38,10941.87,11085.17,616752650
2020-08-11,11039.68,11090.92,10855.06,10876.08,665892290
2020-08-12,10972.07,11190.25,10970.87,11157.72,589346243
2020-08-13,11174.63,11271.22,11139.64,11178.37,613959959
2020-08-14,11187.82,11213.27,11106.93,11164.45,474432224
2020-08-17,11231.97,11306.47,11228.14,11288.57,488012302
2020-08-18,11339.76,11421.1,11279.08,11399.03,451082711
2020-08-19,11397.23,11440.21,11303.39,11318.64,554155621
2020-08-20,11277.05,11497.18,11268.46,11477.05,539696521
2020-08-21,11476.85,11574.79,11461.53,11555.16,601425446
2020-08-24,11703.34,11728.09,11535.55,11626.17,582545520
2020-08-25,11610.58,11723.95,11580.89,11721.81,552487018
2020-08-26,11779.35,11979.65,11768,11971.94,613794271
2020-08-27,11997.89,12047.99,11842.84,11926.16,608689176
2020-08-28,11992.68,12018.14,11928.69,11995.85,531693863
2020-08-31,12017.46,12167.46,12000.11,12110.7,937791105
2020-09-01,12203.36,12300.44,12132.78,12292.86,784905590
2020-09-02,12417.45,12439.48,12176.18,12420.54,916761806
2020-09-03,12195.75,12235,11662.11,11771.37,1128720493
2020-09-04,11686.24,11846.18,11145.99,11622.13,1166633139
2020-09-08,11143.91,11400.46,11055.16,11068.26,1013260574
2020-09-09,11308.25,11480.37,11197.13,11395.85,838857704
2020-09-10,11501.43,11566.34,11095.94,11154.12,807037946
2020-09-11,11251.19,11280.41,10945.22,11087.4,746998540
2020-09-14,11250.8,11363.25,11192.82,11277.76,731218080
2020-09-15,11432.94,11495.4,11367.2,11438.87,785670245
2020-09-16,11467.9,11486.09,11242.96,11247.6,766319154
2020-09-17,10965.74,11160.04,10936.8,11080.95,847435560
2020-09-18,11147.8,11153.97,10769.4,10936.98,1210615619
2020-09-21,10768.01,10984.76,10677.85,10980.22,909233156
2020-09-22,11082.09,11207.08,10943.27,11186.37,770056763
2020-09-23,11167.22,11179.59,10806.05,10833.33,764717067
2020-09-24,10746.35,11026.43,10728.41,10896.47,770958880
2020-09-25,10910.5,11177.73,10851.68,11151.13,699316733
2020-09-28,11332.32,11369.39,11243.24,11364.45,693749159
2020-09-29,11354.7,11396.21,11305.79,11322.95,609966031
2020-09-30,11328.55,11535.02,11328.55,11418.06,793380253
2020-10-01,11554.96,11606.73,11488.6,11583.2,662445225
2020-10-02,11328.85,11479.08,11225.17,11255.69,723098477
2020-10-05,11345.24,11512.06,11336.07,11509.06,574099060
2020-10-06,11476.68,11536.42,11256.27,11291.27,709749504
2020-10-07,11412.65,11519.55,11382.48,11503.19,591739049
2020-10-08,11576.44,11582.78,11510.24,11550.94,554608436
2020-10-09,11615.57,11727.6,11600.86,11725.85,647066020
2020-10-12,11900.12,12204.75,11880.23,12088.11,825553477
2020-10-13,12131.07,12187.78,12032.75,12083.17,777495042
2020-10-14,12105.1,12159.21,11913.57,11985.36,644932553
2020-10-15,11767.27,11928.63,11765.49,11898.57,592411493
2020-10-16,11952.12,12034.13,11824.14,11852.17,607570407
2020-10-19,11913.01,11962.46,11606.48,11634.35,644056399
2020-10-20,11679.08,11801.39,11613.76,11677.84,574388825
2020-10-21,11686.19,11789.46,11646.48,11665.37,565444380
2020-10-22,11712.64,11739.22,11529.73,11662.91,612586948
2020-10-23,11680.72,11693.01,11569.09,11692.57,601897365
2020-10-26,11584.17,11708.08,11360.73,11504.52,678408343
2020-10-27,11560.86,11633.5,11503.1,11598.95,716418946
2020-10-28,11400.48,11426.1,11136.1,11142.76,796009990
2020-10-29,11214.32,11467.38,11187.07,11350.74,735818358
2020-10-30,11265.7,11293.76,10960.02,11052.95,854429708
2020-11-02,11152.48,11222.52,10957.11,11084.76,658436582
2020-11-03,11155.84,11356.08,11115.55,11279.91,649375425
2020-11-04,11627.76,11846.46,11564.91,11777.02,841018407
2020-11-05,12021.77,12117.04,11977.07,12078.07,715274355
2020-11-06,12044.29,12116.91,11895.5,12091.35,603471188
2020-11-09,12194.71,12268.66,11818.25,11830.39,1024669479
2020-11-10,11704.46,11761.95,11512.46,11624.29,870863183
2020-11-11,11734.82,11904.13,11714.32,11892.93,629880177
2020-11-12,11924.15,11976.89,11786.09,11827.14,610286779
2020-11-13,11910.62,11957.09,11808.95,11937.84,552169461
2020-11-16,11925.36,12035.5,11891.85,12013.38,657648012
2020-11-17,12030.27,12047.13,11964.2,11977.49,586323037
2020-11-18,11963.36,12027.15,11892.54,11894.71,637479548
2020-11-19,11863.12,12000.29,11842.67,11985.43,604433065
2020-11-20,11976,12017.42,11903.57,11906.44,568764110
2020-11-23,11959.89,12001.83,11817.53,11905.94,671483425
2020-11-24,11952.7,12094.16,11878.31,12079.81,708866297
2020-11-25,12112.11,12174.99,12081.51,12152.21,551313554
2020-11-27,12220.37,12306.71,12214.45,12258.21,328329066
2020-11-30,12278.78,12299.61,12090.93,12268.32,922838434
2020-12-01,12387.62,12510.02,12338.36,12455.33,745618922
2020-12-02,12390.58,12472.25,12318.27,12456.41,611314857
2020-12-03,12469.16,12538.92,12445.36,12467.13,634570593
2020-12-04,12479.91,12531.21,12450.51,12528.48,578205672
2020-12-07,12523.57,12610,12523.12,12596.47,582158955
2020-12-08,12574.84,12651.35,12504.96,12635.72,571323504
2020-12-09,12626.97,12643.24,12311.3,12364.64,715506009
2020-12-10,12268.47,12447.85,12226.13,12401.74,604132807
2020-12-11,12327.07,12378.61,12236.8,12375.41,570281405
2020-12-14,12427.86,12544.31,12426.25,12462.21,631409750
2020-12-15,12565.29,12596.84,12467.57,12595.92,666420024
2020-12-16,12607.87,12698.11,12568.71,12668.16,610871352
2020-12-17,12741.64,12760.97,12685.98,12752.06,584811020
2020-12-18,12786.92,12793.47,12611.22,12738.18,1311645539
2020-12-21,12575.6,12706.44,12474.03,12690.26,680502593
2020-12-22,12715.48,12761.23,12606.42,12717.56,613999922
2020-12-23,12733.75,12737.59,12649.61,12653.14,461242468
2020-12-24,12668.2,12732.55,12665.8,12711.01,243015935
2020-12-28,12813.97,12861.91,12747.05,12838.86,502651496
2020-12-29,12909.86,12925.54,12816.59,12843.49,529847954
2020-12-30,12900.03,12917.46,12828.79,12845.36,481632220
2020-12-31,12852.96,12904.09,12804.75,12888.28,510577252
2021-01-04,12950.22,12950.22,12537.42,12694.66,789103000
2021-01-05,12663.13,12809.67,12663.13,12802.38,597523280
2021-01-06,12601.26,12803.29,12569.42,12623.35,785667074
2021-01-07,12745.41,12966.68,12744.82,12939.57,677550046
2021-01-08,13037.24,13113.09,12939.73,13105.2,736632216
2021-01-11,12961.5,13023.21,12883.59,12902.49,666732263
2021-01-12,12916.1,12957.43,12783.71,12892.09,665562612
2021-01-13,12911.87,13008.84,12878.02,12973.63,698148271
2021-01-14,13010.94,13037.05,12886.16,12898.69,690947489
2021-01-15,12898.09,12941.29,12758.1,12803.93,698790020
2021-01-19,12921.61,13012.09,12861.3,12996.54,653793813
2021-01-20,13155.12,13332.26,13138.3,13296.45,654643560
2021-01-21,13356.7,13433.69,13297.79,13404.99,698624580
2021-01-22,13356.18,13404.77,13336.9,13366.4,640690335
2021-01-25,13515.63,13563.7,13205.59,13483.29,761404835
2021-01-26,13507.48,13536.3,13440.32,13490.19,644110577
2021-01-27,13371.16,13393.52,13034.14,13112.65,1059107473
2021-01-28,13163.32,13401.85,13150.1,13201.53,814880065
2021-01-29,13124.7,13167.87,12845.43,12925.38,857438583
2021-02-01,13067.65,13280.22,12983.1,13248.9,606492078
2021-02-02,13371.37,13501.23,13363.75,13456.12,580228637
2021-02-03,13555.03,13561.45,13400.08,13402.37,568057147
2021-02-04,13454.85,13563.13,13406.44,13560.89,626016259
2021-02-05,13592.77,13642.96,13527.81,13603.96,554599333
2021-02-08,13672.33,13698.41,13607.96,13695.02,558656770
2021-02-09,13667.14,13741.79,13664.7,13687.08,523596386
2021-02-10,13751.42,13770.91,13531.93,13655.27,575622336
2021-02-11,13723.63,13747.2,13637.19,13734.35,516006606
2021-02-12,13695.9,13816.25,13656.78,13807.7,453128323
2021-02-16,13841.03,13879.77,13726.78,13773.77,542606491
2021-02-17,13636.15,13713.14,13552.66,13699.71,531600666
2021-02-18,13556.01,13669.94,13477.17,13637.51,547298455
2021-02-19,13686.23,13701.69,13545.45,13580.78,595505250
2021-02-22,13414.04,13447.37,13220.77,13223.74,653163955
2021-02-23,12982.36,13259.85,12758.12,13194.71,800492645
2021-02-24,13095.86,13312.43,12971.82,13302.19,665563338
2021-02-25,13197.75,13294.56,12773.76,12828.31,807688863
2021-02-26,12958.96,13090.36,12764.34,12909.44,844720301
2021-03-01,13106.02,13293.78,13051.7,13282.95,634722483
2021-03-02,13297.77,13301.63,13052.12,13059.95,583355228
2021-03-03,13020.11,13057.29,12679.89,12683.33,699010861
2021-03-04,12655.92,12799.08,12314.16,12464,967991236
2021-03-05,12594.16,12700.96,12208.39,12668.51,935221253
2021-03-08,12629.56,12718.58,12287.57,12299.08,826975947
2021-03-09,12635.45,12868.52,12592.83,12794.49,797733268
2021-03-10,12950.25,12979.38,12726.85,12752.07,673854702
2021-03-11,12960.53,13117.86,12920.01,13052.9,659102349
2021-03-12,12873.39,12943.58,12778.13,12937.29,574524767
2021-03-15,12936.13,13085.01,12885.64,13082.54,582675267
2021-03-16,13156.64,13297.48,13091.78,13152.28,645767025
2021-03-17,13024.83,13280.29,12950.08,13202.38,655737684
2021-03-18,13006.29,13040.36,12781.53,12789.14,677845057
2021-03-19,12792.67,12906.02,12704.07,12866.99,1130030243
2021-03-22,12943.14,13167.46,12943.14,13086.51,657826337
2021-03-23,13127.17,13180.66,12993.5,13017.79,639080204
2021-03-24,13072.82,13077.49,12797.85,12798.88,670529769
2021-03-25,12707.58,12845.66,12627.93,12780.51,666183889
2021-03-26,12777.27,12992.3,12721.66,12979.12,786420468
2021-03-29,12950.51,13013.48,12836.6,12965.74,623700802
2021-03-30,12904.02,12929.46,12798.03,12896.53,562656756
2021-03-31,12970.33,13167.06,12966.65,13091.44,700296565
2021-04-01,13268.88,13333.41,13255.82,13329.51,612168510
2021-04-05,13434.04,13623.6,13420.81,13598.16,591912949
2021-04-06,13567.21,13660.29,13551.61,13578.46,531893295
2021-04-07,13553.9,13648.8,13532.63,13616.7,498382139
2021-04-08,13730.73,13763.18,13703.51,13758.5,510086709
2021-04-09,13709.67,13849.31,13674.92,13845.05,507244005
2021-04-12,13792.74,13839.39,13747.63,13819.35,603198543
2021-04-13,13874.58,14002.53,13874.58,13986.49,567497534
2021-04-14,13988.87,13990.54,13782.18,13803.91,541343365
2021-04-15,13934.87,14040.11,13931.01,14026.19,574800812
2021-04-16,14035.96,14050.38,13966.54,14041.91,573586846
2021-04-19,13970.83,14025.64,13835.75,13907.67,561151071
2021-04-20,13891.96,13934.89,13730.59,13809.3,568717700
2021-04-21,13768.92,13939.7,13717.44,13935.15,543502238
2021-04-22,13920.88,13954.03,13716.76,13762.36,589670549
2021-04-23,13794.49,13989.43,13789.45,13941.44,558324168
2021-04-26,13954.94,14039.4,13919.93,14026.16,516333895
2021-04-27,14048.13,14048.34,13931.18,13960.28,546630387
2021-04-28,13953.61,13992.07,13895.14,13901.62,701434774
2021-04-29,14063.94,14073.48,13836.1,13970.21,712048811
2021-04-30,13857.79,13969.21,13838.82,13860.76,663174404
2021-05-03,13923.04,13955,13784.66,13799.72,544130383
2021-05-04,13680.63,13705.38,13396.11,13544.67,722460945
2021-05-05,13649.12,13676.86,13478.58,13503.37,539828285
2021-05-06,13490.94,13617.33,13403.46,13613.73,554667401
2021-05-07,13715.56,13814.66,13669.78,13719.63,520110283
2021-05-10,13647.73,13648.49,13358.63,13359.08,640152543
2021-05-11,13102.64,13381.66,13094.76,13351.27,690031849
2021-05-12,13155.07,13236.89,12967.18,13001.63,668411278
2021-05-13,13133.73,13226.64,13006.77,13109.15,634270081
2021-05-14,13238.99,13430,13220.19,13393.12,554035197
2021-05-17,13329.86,13350.14,13196.57,13312.91,547990832
2021-05-18,13352.26,13400.52,13212.85,13217.68,538426376
2021-05-19,12998.53,13243.98,12994.35,13237.91,653122800
2021-05-20,13294.59,13526.01,13293.1,13494.09,594253073
2021-05-21,13573.22,13573.84,13401.53,13411.74,523464197
2021-05-24,13504.39,13687.61,13500.12,13641.75,482236474
2021-05-25,13701.3,13734.41,13614.54,13657.73,541841815
2021-05-26,13687.71,13726.06,13661.06,13702.74,466243690
2021-05-27,13686.86,13724.76,13652.13,13657.85,729135957
2021-05-28,13717,13765.8,13684.83,13686.51,484059409
2021-06-01,13764.27,13773.45,13602.12,13654.59,496555127
2021-06-02,13655.71,13712.68,13610.16,13675.79,473369330
2021-06-03,13568.91,13608.54,13469.85,13529.68,524684844
2021-06-04,13619.79,13784.77,13613.57,13770.77,459727449
2021-06-07,13744.16,13808.41,13710.11,13802.89,485123873
2021-06-08,13873.46,13913.4,13746.42,13810.86,545967684
2021-06-09,13865.51,13900.71,13811.05,13814.94,437460608
2021-06-10,13834.26,13962.98,13817.83,13960.35,505288819
2021-06-11,13959.47,13998.65,13934,13998.3,421447816
2021-06-14,14002.14,14129.33,13963.95,14128.2,464890296
2021-06-15,14120.81,14126.25,14008.93,14030.41,428596027
2021-06-16,14053.12,14100.11,13843.6,13983.01,529860722
2021-06-17,13946.7,14205.43,13946.52,14163.81,603897051
2021-06-18,14125.12,14140.62,14024.61,14049.58,880273826
2021-06-21,14055.04,14150.91,13967.89,14137.23,511109875
2021-06-22,14140.3,14288.49,14128.01,14270.42,474794774
2021-06-23,14275.09,14324.74,14247.58,14274.24,447612141
2021-06-24,14358.3,14429.14,14337.66,14365.96,488964392
2021-06-25,14396.63,14401.71,14324.26,14345.18,628404632
2021-06-28,14401.63,14530.07,14400.59,14524.98,481112719
2021-06-29,14523.63,14575.19,14481.84,14572.75,470953808
2021-06-30,14560.07,14582.3,14530.88,14554.8,538710658
2021-07-01,14530.63,14576.64,14483.43,14560.05,518982169
2021-07-02,14633.51,14738.14,14626.82,14727.63,474370921
2021-07-06,14755.16,14797.45,14635.31,14786.36,568296360
2021-07-07,14889.76,14891.19,14735.75,14810.54,523973397
2021-07-08,14577.67,14763.67,14551.76,14722.14,575178359
2021-07-09,14709.32,14838.72,14685.54,14826.09,490857098
2021-07-12,14878.71,14899.46,14813.79,14877.89,436251285
2021-07-13,14871.04,15002.28,14843.8,14874.54,472919511
2021-07-14,14984.86,15001.13,14871.73,14900.44,534402270
2021-07-15,14903.5,14907.51,14717.55,14794.69,540369560
2021-07-16,14842.08,14875.97,14667.1,14681.38,524902103
2021-07-19,14517.96,14578.96,14455.07,14549.09,666063119
2021-07-20,14601.34,14790.6,14530.78,14728.21,663404676
2021-07-21,14723.67,14843.17,14710.11,14842.63,498855858
2021-07-22,14865.46,14941.38,14865.46,14940.17,497211872
2021-07-23,15004.43,15125.84,14948.04,15111.79,540856464
2021-07-26,15088.29,15142.35,15048.23,15125.95,523699753
2021-07-27,15103.01,15107.74,14787.8,14956.97,736171438
2021-07-28,15005.17,15078.85,14913.55,15018.1,744279139
2021-07-29,15015.3,15091.96,15004.42,15048.36,670108762
2021-07-30,14882.39,14990.86,14882.39,14959.9,634497729
2021-08-02,15046.11,15059.89,14945.13,14963.62,564975694
2021-08-03,14997.2,15063.66,14864.53,15061.42,642687183
2021-08-04,15059.16,15117.38,15017.14,15083.39,717673315
2021-08-05,15105.4,15184.27,15083.84,15181.64,550100230
2021-08-06,15125.74,15162.34,15063.02,15109.36,561827415
2021-08-09,15136.14,15154.68,15081.75,15133.11,491516844
2021-08-10,15157.37,15169.45,15010.16,15053.58,563059230
2021-08-11,15101.82,15127.78,14972.6,15027.76,519779888
2021-08-12,15012.6,15097.91,14956.25,15088.98,531408908
2021-08-13,15101.84,15150.48,15079.3,15136.68,488081000
2021-08-16,15090.05,15142.03,14931.15,15140.77,558321835
2021-08-17,15018.94,15062.7,14906.22,15002.83,551407296
2021-08-18,14975.02,15039.9,14846.51,14857.92,537388640
2021-08-19,14773.19,15000.19,14773.19,14933.94,663533787
2021-08-20,14974.06,15103.94,14968.87,15092.57,574863458
2021-08-23,15140.14,15341.47,15140.14,15312.82,575269784
2021-08-24,15338.92,15384.42,15319.55,15357.68,505066183
2021-08-25,15384.83,15404.36,15341.92,15368.92,551834017
2021-08-26,15348.98,15369.28,15265.23,15278.52,467348193
2021-08-27,15305.75,15447.03,15292.74,15432.95,477677404
2021-08-30,15460.93,15620.62,15459.75,15605.09,490082984
2021-08-31,15601.34,15604.45,15522.78,15582.51,627251738
2021-09-01,15637.13,15696.42,15603.67,15611.57,496689030
2021-09-02,15656.28,15681.76,15554.29,15604.25,459277096
2021-09-03,15578.96,15668.12,15554.97,15652.86,399936797
2021-09-07,15662.3,15701.4,15610.23,15675.76,495804216
2021-09-08,15669.01,15669.01,15528.45,15620.85,504507724
2021-09-09,15639.44,15675.46,15556.75,15561.05,461096428
2021-09-10,15648.05,15673.5,15433.43,15440.75,564158271
2021-09-13,15545.66,15562.28,15351.7,15434.5,560052316
2021-09-14,15505.79,15525.97,15352.06,15382.9,563779111
2021-09-15,15419.95,15518.95,15316.4,15503.53,589496885
2021-09-16,15452.67,15539.14,15370.88,15515.91,495018116
2021-09-17,15481.43,15485.21,15291.04,15333.47,872824050
2021-09-20,15068.65,15157.26,14821.03,15012.19,716245690
2021-09-21,15096.98,15139.89,14986.98,15027.77,485193391
2021-09-22,15073.96,15230.34,15029.9,15176.51,539917110
2021-09-23,15231.2,15356.92,15199.43,15316.58,462081251
2021-09-24,15222.96,15345.54,15209.16,15329.68,405785623
2021-09-27,15205.23,15240.58,15106.45,15204.83,499881304
2021-09-28,15001.98,15040.57,14758.98,14770.3,707927995
2021-09-29,14835.51,14914.92,14727.41,14752.89,576976737
2021-09-30,14830.3,14888.22,14684.55,14689.62,597620311
2021-10-01,14731.38,14830.84,14555.12,14791.87,562675416
2021-10-04,14713.6,14727.6,14384.93,14472.12,650755588
2021-10-05,14533.43,14763.64,14520.23,14674.15,538067653
2021-10-06,14529.89,14775.64,14499.48,14766.75,562544842
2021-10-07,14899.07,15010.32,14878.22,14897.13,506823447
2021-10-08,14942.36,14948.35,14805.5,14820.75,441497744
2021-10-11,14765.69,14907.57,14709.05,14713.73,432082861
2021-10-12,14772.29,14784.78,14636.33,14662.11,544846362
2021-10-13,14751.8,14800.83,14676.58,14774.6,512797442
2021-10-14,14925.58,15059.89,14901.59,15052.42,543136558
2021-10-15,15106.97,15150.14,15064.59,15146.92,535672301
2021-10-18,15091.58,15307.51,15074.71,15300.89,505588564
2021-10-19,15349.45,15414.97,15320.62,15410.72,489471830
2021-10-20,15448,15457.11,15333.43,15388.71,490366213
2021-10-21,15365.81,15497.58,15350.5,15489.59,521612302
2021-10-22,15422.07,15474.28,15291.95,15355.07,598015600
2021-10-25,15417.25,15555.66,15338.49,15514.19,561029559
2021-10-26,15615.36,15710.79,15518.59,15559.49,684084651
2021-10-27,15603.16,15729.75,15578.68,15598.39,680037662
2021-10-28,15674.39,15784,15650.01,15778.16,650118968
2021-10-29,15638.74,15856.9,15638.74,15850.47,715386244
2021-11-01,15879.61,15910.35,15785.31,15905.28,613117609
2021-11-02,15885.34,15988.33,15877.27,15972.49,594961192
2021-11-03,16000.6,16157.6,15950.59,16144.5,604822835
2021-11-04,16193.22,16387.95,16169.56,16346.24,766803668
2021-11-05,16397.59,16454.48,16302.06,16359.38,714972516
2021-11-08,16351.49,16401.93,16314,16336.03,691747356
2021-11-09,16389.99,16401.89,16168.63,16219.94,685167434
2021-11-10,16087.02,16224.51,15905.28,15985.57,635571365
2021-11-11,16114.05,16116.25,16019.39,16032.47,495715935
2021-11-12,16078.13,16218.55,16012.78,16199.88,567984190
2021-11-15,16227.01,16256.73,16096.37,16189.12,556180526
2021-11-16,16170.29,16329.5,16156.7,16309.77,590653851
2021-11-17,16329.07,16398.95,16276.77,16308.07,642372736
2021-11-18,16398.76,16501.92,16309.51,16482.97,819555856
2021-11-19,16558.56,16625.86,16523.83,16573.34,766252240
2021-11-22,16644.77,16764.86,16374.78,16380.98,827552828
2021-11-23,16330.18,16417.5,16121.7,16306.72,763520261
2021-11-24,16202.26,16370.56,16106.02,16367.81,571722203
2021-11-26,16237.41,16302.57,15988.95,16025.58,540036071
2021-11-29,16263.43,16437.16,16214.56,16399.24,671373182
2021-11-30,16333.95,16454.57,16073.77,16135.92,1086210026
2021-12-01,16347.96,16427.19,15864,15877.72,855676686
2021-12-02,15791.3,16066.32,15770.92,15990.76,784211354
2021-12-03,16039.41,16089.61,15543.3,15712.04,845244082
2021-12-06,15744.91,15898.59,15557.78,15846.16,759352554
2021-12-07,16139.55,16343.66,16128.44,16325.66,820546814
2021-12-08,16313.88,16401.1,16250.39,16394.34,662931842
2021-12-09,16337.81,16413.28,16141.39,16149.57,625391874
2021-12-10,16278.3,16339.12,16139,16331.98,642188568
2021-12-13,16317.9,16332.63,16075.54,16082.55,741237857
2021-12-14,15877.65,15995.21,15742.8,15914.9,740348371
2021-12-15,15908.45,16301.27,15746.94,16289.59,785852789
2021-12-16,16335.03,16340.53,15802.64,15863.94,824061543
2021-12-17,15714.54,15960.25,15664.1,15801.46,1274538107
2021-12-20,15566.83,15662.61,15508.74,15627.64,676901067
2021-12-21,15794.38,15997.61,15617.48,15986.28,701365545
2021-12-22,15963.54,16186.25,15947.56,16180.14,575121083
2021-12-23,16203.76,16360.75,16188.03,16308.21,531785298
2021-12-27,16361.07,16567.64,16361.07,16567.5,500081260
2021-12-28,16602.92,16607.19,16458.48,16488.66,478484928
2021-12-29,16510.63,16548.92,16396.16,16491.01,456246500
2021-12-30,16485.39,16569.62,16415.13,16429.1,432117881
2021-12-31,16411.26,16464.62,16317.26,16320.08,424348141
2022-01-03,16395.51,16504.14,16306.64,16501.77,660559649
2022-01-04,16513.87,16513.87,16151.91,16279.73,766613681
2022-01-05,16190.55,16249.23,15763.84,15771.78,778608492
2022-01-06,15675.22,15900.6,15608.57,15765.36,704901075
2022-01-07,15774.13,15835,15526.8,15592.19,661989991
2022-01-10,15383.18,15627.92,15165.53,15614.43,840490400
2022-01-11,15582.72,15848.56,15496.91,15844.12,678306840
2022-01-12,15955.48,16017.39,15815.95,15905.1,617831909
2022-01-13,15970.09,15990.38,15468.09,15495.62,704707804
2022-01-14,15396.47,15617.18,15396.47,15611.59,688230475
2022-01-18,15378.06,15446.3,15182.96,15210.76,850199701
2022-01-19,15287.25,15382,15038.44,15047.84,732139581
2022-01-20,15176.38,15347.62,14832.69,14846.46,775284787
2022-01-21,14728.66,14868.46,14432.64,14438.4,1061432971
2022-01-24,14160.91,14532.57,13724.85,14509.58,1283525254
2022-01-25,14237.6,14410.43,14033.81,14149.12,908383601
2022-01-26,14492.52,14646.54,14006.4,14172.76,983278596
2022-01-27,14346.46,14419.45,13972.89,14003.11,1017767801
2022-01-28,14091.32,14457.78,13880.48,14454.61,971149144
2022-01-31,14505.07,14934.52,14442.88,14930.05,915972632
2022-02-01,14966.6,15034.42,14749.49,15019.68,814187688
2022-02-02,15173.04,15196.4,14960.85,15139.74,1069341749
2022-02-03,14693.86,14856.51,14471.2,14501.11,1053854384
2022-02-04,14566.28,14832.05,14452.28,14694.35,828404222
2022-02-07,14716.43,14813.86,14524.63,14571.25,724463163
2022-02-08,14533.25,14785.22,14485.78,14747.03,752804778
2022-02-09,14930.99,15057.9,14870.36,15056.96,798936026
2022-02-10,14770.68,15037.26,14636.62,14705.64,875507284
2022-02-11,14739.46,14769.64,14194.54,14253.84,941878996
2022-02-14,14233.4,14400.78,14119.73,14268.59,792220757
2022-02-15,14482.11,14624.53,14444.46,14620.82,805948699
2022-02-16,14514.84,14647.79,14399.29,14603.64,744824845
2022-02-17,14485.08,14497.46,14155.43,14171.74,781511425
2022-02-18,14207.55,14225.72,13918.76,14009.54,873628318
2022-02-22,13892.81,14109.27,13720.92,13870.53,921569908
2022-02-23,14016.95,14035.93,13502.58,13509.43,876460299
2022-02-24,13065.45,13989.1,13065.45,13974.67,1144852236
2022-02-25,13973.91,14193,13850.29,14189.16,809349432
2022-02-28,14058.61,14296.6,14009.37,14237.81,866573208
2022-03-01,14197.66,14271.58,13906.92,14005.99,802525645
2022-03-02,14075.11,14292.72,13962.69,14243.69,771568764
2022-03-03,14339.71,14342.56,13965.11,14035.21,750382822
2022-03-04,13957.6,13992.98,13738.61,13837.83,817156800
2022-03-07,13853.53,13879.1,13314.45,13319.38,967021486
2022-03-08,13275.23,13663.27,13129.4,13267.61,1018772045
2022-03-09,13610.48,13793.11,13504.48,13742.2,817951869
2022-03-10,13577.84,13633.69,13399.46,13591,817064475
2022-03-11,13701.8,13714.44,13285.19,13301.83,753078222
2022-03-14,13248.09,13386.67,13020.4,13046.64,844799464
2022-03-15,13174.97,13488.18,13092.45,13458.56,842660509
2022-03-16,13633.12,13960.25,13475.09,13956.79,996791260
2022-03-17,13878.99,14125.67,13827.34,14118.6,733628026
2022-03-18,14061.29,14427.46,14014.43,14420.08,1187571010
2022-03-21,14377.15,14470.68,14190.53,14376.09,776939531
2022-03-22,14396.03,14688.97,14385.55,14654.33,733728237
2022-03-23,14525.22,14681.33,14446.04,14447.55,742461851
2022-03-24,14529.71,14767.73,14440.67,14765.69,767823120
2022-03-25,14766.9,14805.88,14577.59,14754.31,657504482
2022-03-28,14763.16,14989.08,14705.92,14987.4,675372862
2022-03-29,15142.93,15265.42,15039.61,15239.32,752287976
2022-03-30,15177.15,15229.02,15010.34,15071.55,717566708
2022-03-31,15074.23,15088.38,14835.16,14838.49,854373699
2022-04-01,14886.91,14925.93,14723.83,14861.21,719285660
2022-04-04,14903.38,15161.89,14884.57,15159.58,654013066
